sample_name	platform	qiita_prep_id	run_prefix
12802.10249.C001.01SS	Illumina	7898	10249.C001.01SS
12802.10249.C001.10SS	Illumina	7898	10249.C001.10SS
12802.10249.C001.18SS	Illumina	7898	10249.C001.18SS
12802.10249.C001.19SS	Illumina	7898	10249.C001.19SS
12802.10249.C001.20SS	Illumina	7898	10249.C001.20SS
12802.10249.C001.34SD	Illumina	7898	10249.C001.34SD
12802.10249.C001.34SS	Illumina	7898	10249.C001.34SS
12802.10249.C002.01SS	Illumina	7898	10249.C002.01SS
12802.10249.C002.01SS.r	Illumina	7898	10249.C002.01SS.r
12802.10249.C002.08SS	Illumina	7898	10249.C002.08SS
12802.10249.C002.13SS	Illumina	7898	10249.C002.13SS
12802.10249.C002.19SD	Illumina	7898	10249.C002.19SD
12802.10249.C002.19SS	Illumina	7898	10249.C002.19SS
12802.10249.C004.01SS	Illumina	7898	10249.C004.01SS
12802.10249.C004.07SS	Illumina	7898	10249.C004.07SS
12802.10249.C004.15SS	Illumina	7898	10249.C004.15SS
12802.10249.C005.01SS	Illumina	7898	10249.C005.01SS
12802.10249.C005.01SS.r	Illumina	7898	10249.C005.01SS.r
12802.10249.C005.08SS	Illumina	7898	10249.C005.08SS
12802.10249.C005.14SS	Illumina	7898	10249.C005.14SS
12802.10249.C005.20SS	Illumina	7898	10249.C005.20SS
12802.10249.C007.01SS	Illumina	7898	10249.C007.01SS
12802.10249.C007.08SS	Illumina	7898	10249.C007.08SS
12802.10249.C007.17SS	Illumina	7898	10249.C007.17SS
12802.10249.C007.23SD	Illumina	7898	10249.C007.23SD
12802.10249.C007.23SS	Illumina	7898	10249.C007.23SS
12802.10249.C008.01SS	Illumina	7898	10249.C008.01SS
12802.10249.C008.06SS	Illumina	7898	10249.C008.06SS
12802.10249.C008.07SS	Illumina	7898	10249.C008.07SS
12802.10249.C008.12SS	Illumina	7898	10249.C008.12SS
12802.10249.C009.01SS	Illumina	7898	10249.C009.01SS
12802.10249.C009.07SS	Illumina	7898	10249.C009.07SS
12802.10249.C009.13SS	Illumina	7898	10249.C009.13SS
12802.10249.C009.19SS	Illumina	7898	10249.C009.19SS
12802.10249.C010.01SS	Illumina	7898	10249.C010.01SS
12802.10249.C010.01SS.r	Illumina	7898	10249.C010.01SS.r
12802.10249.C010.09SS	Illumina	7898	10249.C010.09SS
12802.10249.C010.15SS	Illumina	7898	10249.C010.15SS
12802.10249.C010.20SD	Illumina	7898	10249.C010.20SD
12802.10249.C010.20SS	Illumina	7898	10249.C010.20SS
12802.10249.C011.01SS	Illumina	7898	10249.C011.01SS
12802.10249.C011.06SS	Illumina	7898	10249.C011.06SS
12802.10249.C011.12SS	Illumina	7898	10249.C011.12SS
12802.10249.C011.19SD	Illumina	7898	10249.C011.19SD
12802.10249.C011.19SS	Illumina	7898	10249.C011.19SS
12802.10249.C012.01SS	Illumina	7898	10249.C012.01SS
12802.10249.C012.01SS.r	Illumina	7898	10249.C012.01SS.r
12802.10249.C012.09SS	Illumina	7898	10249.C012.09SS
12802.10249.C012.15SS	Illumina	7898	10249.C012.15SS
12802.10249.C012.21SD	Illumina	7898	10249.C012.21SD
12802.10249.C012.21SS	Illumina	7898	10249.C012.21SS
12802.10249.C012.22SD	Illumina	7898	10249.C012.22SD
12802.10249.C012.22SS	Illumina	7898	10249.C012.22SS
12802.10249.C014.01SS	Illumina	7898	10249.C014.01SS
12802.10249.C014.01SS.r	Illumina	7898	10249.C014.01SS.r
12802.10249.C014.07SS	Illumina	7898	10249.C014.07SS
12802.10249.C014.13SS	Illumina	7898	10249.C014.13SS
12802.10249.C014.20SD	Illumina	7898	10249.C014.20SD
12802.10249.C014.20SS	Illumina	7898	10249.C014.20SS
12802.10249.C016.01SS	Illumina	7898	10249.C016.01SS
12802.10249.C016.02SS	Illumina	7898	10249.C016.02SS
12802.10249.C016.09SS	Illumina	7898	10249.C016.09SS
12802.10249.C016.15SS	Illumina	7898	10249.C016.15SS
12802.10249.C016.22SD	Illumina	7898	10249.C016.22SD
12802.10249.C016.22SS	Illumina	7898	10249.C016.22SS
12802.10249.C017.01SS	Illumina	7898	10249.C017.01SS
12802.10249.C017.01SS.r	Illumina	7898	10249.C017.01SS.r
12802.10249.C017.02SS	Illumina	7898	10249.C017.02SS
12802.10249.C017.03SS	Illumina	7898	10249.C017.03SS
12802.10249.C017.10SS	Illumina	7898	10249.C017.10SS
12802.10249.C018.01SS	Illumina	7898	10249.C018.01SS
12802.10249.C018.01SS.r	Illumina	7898	10249.C018.01SS.r
12802.10249.C018.06SS	Illumina	7898	10249.C018.06SS
12802.10249.C018.12SD	Illumina	7898	10249.C018.12SD
12802.10249.C018.12SS	Illumina	7898	10249.C018.12SS
12802.10249.C018.17SS	Illumina	7898	10249.C018.17SS
12802.10249.C020.01SS	Illumina	7898	10249.C020.01SS
12802.10249.C020.01SS.r	Illumina	7898	10249.C020.01SS.r
12802.10249.C020.02SS	Illumina	7898	10249.C020.02SS
12802.10249.C020.03SS	Illumina	7898	10249.C020.03SS
12802.10249.C020.04SS	Illumina	7898	10249.C020.04SS
12802.10249.C020.05SS	Illumina	7898	10249.C020.05SS
12802.10249.C020.12SS	Illumina	7898	10249.C020.12SS
12802.10249.C020.18SS	Illumina	7898	10249.C020.18SS
12802.10249.C021.01SS	Illumina	7898	10249.C021.01SS
12802.10249.C021.02SS	Illumina	7898	10249.C021.02SS
12802.10249.C021.06SS	Illumina	7898	10249.C021.06SS
12802.10249.C021.10SS	Illumina	7898	10249.C021.10SS
12802.10249.C022.01SS	Illumina	7898	10249.C022.01SS
12802.10249.C022.01SS.r	Illumina	7898	10249.C022.01SS.r
12802.10249.C022.07SS	Illumina	7898	10249.C022.07SS
12802.10249.C022.13SS	Illumina	7898	10249.C022.13SS
12802.10249.C022.19SS	Illumina	7898	10249.C022.19SS
12802.10249.C023.01SS	Illumina	7898	10249.C023.01SS
12802.10249.C023.01SS.r	Illumina	7898	10249.C023.01SS.r
12802.10249.C024.01SS	Illumina	7898	10249.C024.01SS
12802.10249.C024.01SS.r	Illumina	7898	10249.C024.01SS.r
12802.10249.C024.09SS	Illumina	7898	10249.C024.09SS
12802.10249.C024.15SS	Illumina	7898	10249.C024.15SS
12802.10249.C024.21SS	Illumina	7898	10249.C024.21SS
12802.10249.C025.01SS	Illumina	7898	10249.C025.01SS
12802.10249.C025.01SS.r	Illumina	7898	10249.C025.01SS.r
12802.10249.C025.08SS	Illumina	7898	10249.C025.08SS
12802.10249.C025.14SD	Illumina	7898	10249.C025.14SD
12802.10249.C025.14SS	Illumina	7898	10249.C025.14SS
12802.10249.C025.20SS	Illumina	7898	10249.C025.20SS
12802.10249.C027.01SS	Illumina	7898	10249.C027.01SS
12802.10249.C027.01SS.r	Illumina	7898	10249.C027.01SS.r
12802.10249.C027.07SS	Illumina	7898	10249.C027.07SS
12802.10249.C027.15SS	Illumina	7898	10249.C027.15SS
12802.10249.C027.21SS	Illumina	7898	10249.C027.21SS
12802.10249.C030.01SS	Illumina	7898	10249.C030.01SS
12802.10249.C030.01SS.r	Illumina	7898	10249.C030.01SS.r
12802.10249.C030.08SS	Illumina	7898	10249.C030.08SS
12802.10249.C030.14SS	Illumina	7898	10249.C030.14SS
12802.10249.C031.01SS	Illumina	7898	10249.C031.01SS
12802.10249.C031.01SS.r	Illumina	7898	10249.C031.01SS.r
12802.10249.C031.08SS	Illumina	7898	10249.C031.08SS
12802.10249.C031.14SS	Illumina	7898	10249.C031.14SS
12802.10249.C031.21SS	Illumina	7898	10249.C031.21SS
12802.10249.C032.01SS	Illumina	7898	10249.C032.01SS
12802.10249.C032.15SS	Illumina	7898	10249.C032.15SS
12802.10249.C032.22SS	Illumina	7898	10249.C032.22SS
12802.10249.C033.01SS	Illumina	7898	10249.C033.01SS
12802.10249.C033.01SS.r	Illumina	7898	10249.C033.01SS.r
12802.10249.C033.06SS	Illumina	7898	10249.C033.06SS
12802.10249.C033.14SS	Illumina	7898	10249.C033.14SS
12802.10249.C034.01SS	Illumina	7898	10249.C034.01SS
12802.10249.C034.07SS	Illumina	7898	10249.C034.07SS
12802.10249.C034.08SS	Illumina	7898	10249.C034.08SS
12802.10249.C034.14SS	Illumina	7898	10249.C034.14SS
12802.10249.C035.01SS	Illumina	7898	10249.C035.01SS
12802.10249.C035.01SS.r	Illumina	7898	10249.C035.01SS.r
12802.10249.C035.07SD	Illumina	7898	10249.C035.07SD
12802.10249.C035.07SS	Illumina	7898	10249.C035.07SS
12802.10249.C035.13SD	Illumina	7898	10249.C035.13SD
12802.10249.C035.13SS	Illumina	7898	10249.C035.13SS
12802.10249.C036.01SS	Illumina	7898	10249.C036.01SS
12802.10249.C036.01SS.r	Illumina	7898	10249.C036.01SS.r
12802.10249.C036.12SS	Illumina	7898	10249.C036.12SS
12802.10249.C037.01SS	Illumina	7898	10249.C037.01SS
12802.10249.C037.01SS.r	Illumina	7898	10249.C037.01SS.r
12802.10249.C037.13SD	Illumina	7898	10249.C037.13SD
12802.10249.C037.13SS	Illumina	7898	10249.C037.13SS
12802.10249.C038.01SS	Illumina	7898	10249.C038.01SS
12802.10249.C038.01SS.r	Illumina	7898	10249.C038.01SS.r
12802.10249.C038.08SS	Illumina	7898	10249.C038.08SS
12802.10249.C038.14SS	Illumina	7898	10249.C038.14SS
12802.10249.C041.01SS	Illumina	7898	10249.C041.01SS
12802.10249.C041.01SS.r	Illumina	7898	10249.C041.01SS.r
12802.10249.C041.08SS	Illumina	7898	10249.C041.08SS
12802.10249.C042.01SS	Illumina	7898	10249.C042.01SS
12802.10249.C042.01SS.r	Illumina	7898	10249.C042.01SS.r
12802.10249.C042.07SS	Illumina	7898	10249.C042.07SS
12802.10249.C042.13SS	Illumina	7898	10249.C042.13SS
12802.10249.C043.01SS	Illumina	7898	10249.C043.01SS
12802.10249.C043.01SS.r	Illumina	7898	10249.C043.01SS.r
12802.10249.C043.07SS	Illumina	7898	10249.C043.07SS
12802.10249.C043.14SS	Illumina	7898	10249.C043.14SS
12802.10249.C044.01SS	Illumina	7898	10249.C044.01SS
12802.10249.C044.08SS	Illumina	7898	10249.C044.08SS
12802.10249.C045.01SS	Illumina	7898	10249.C045.01SS
12802.10249.C045.13SS	Illumina	7898	10249.C045.13SS
12802.10249.C046.01SS	Illumina	7898	10249.C046.01SS
12802.10249.C046.07SD	Illumina	7898	10249.C046.07SD
12802.10249.C046.07SS	Illumina	7898	10249.C046.07SS
12802.10249.C046.13SS	Illumina	7898	10249.C046.13SS
12802.10249.C047.08SD	Illumina	7898	10249.C047.08SD
12802.10249.C047.08SS	Illumina	7898	10249.C047.08SS
12802.10249.C049.01SS	Illumina	7898	10249.C049.01SS
12802.10249.C049.02SD	Illumina	7898	10249.C049.02SD
12802.10249.C049.02SS	Illumina	7898	10249.C049.02SS
12802.10249.C049.09SD	Illumina	7898	10249.C049.09SD
12802.10249.C049.09SS	Illumina	7898	10249.C049.09SS
12802.10249.C052.02SS	Illumina	7898	10249.C052.02SS
12802.10249.C052.08SS	Illumina	7898	10249.C052.08SS
12802.10249.C053.08SS	Illumina	7898	10249.C053.08SS
12802.10249.C055.01SS	Illumina	7898	10249.C055.01SS
12802.10249.C055.08SS	Illumina	7898	10249.C055.08SS
12802.10249.C056.01SS	Illumina	7898	10249.C056.01SS
12802.10249.C056.02SS	Illumina	7898	10249.C056.02SS
12802.10249.C056.09SS	Illumina	7898	10249.C056.09SS
12802.10249.M001.03R	Illumina	7898	10249.M001.03R
12802.10249.M001.03SS	Illumina	7898	10249.M001.03SS
12802.10249.M001.03V	Illumina	7898	10249.M001.03V
12802.10249.M001.04R	Illumina	7898	10249.M001.04R
12802.10249.M001.04V	Illumina	7898	10249.M001.04V
12802.10249.M001.05R	Illumina	7898	10249.M001.05R
12802.10249.M002.01SS	Illumina	7898	10249.M002.01SS
12802.10249.M002.02R	Illumina	7898	10249.M002.02R
12802.10249.M002.02V	Illumina	7898	10249.M002.02V
12802.10249.M002.03R	Illumina	7898	10249.M002.03R
12802.10249.M004.01R	Illumina	7898	10249.M004.01R
12802.10249.M004.01SS	Illumina	7898	10249.M004.01SS
12802.10249.M004.02R	Illumina	7898	10249.M004.02R
12802.10249.M004.02V	Illumina	7898	10249.M004.02V
12802.10249.M004.03R	Illumina	7898	10249.M004.03R
12802.10249.M004.03V	Illumina	7898	10249.M004.03V
12802.10249.M005.01R	Illumina	7898	10249.M005.01R
12802.10249.M005.01SS	Illumina	7898	10249.M005.01SS
12802.10249.M005.01V	Illumina	7898	10249.M005.01V
12802.10249.M005.02R	Illumina	7898	10249.M005.02R
12802.10249.M005.02V	Illumina	7898	10249.M005.02V
12802.10249.M005.03R	Illumina	7898	10249.M005.03R
12802.10249.M006.01R	Illumina	7898	10249.M006.01R
12802.10249.M006.01V	Illumina	7898	10249.M006.01V
12802.10249.M007.01R	Illumina	7898	10249.M007.01R
12802.10249.M007.01SS	Illumina	7898	10249.M007.01SS
12802.10249.M007.01V	Illumina	7898	10249.M007.01V
12802.10249.M007.02R	Illumina	7898	10249.M007.02R
12802.10249.M007.02V	Illumina	7898	10249.M007.02V
12802.10249.M007.03R	Illumina	7898	10249.M007.03R
12802.10249.M007.03V	Illumina	7898	10249.M007.03V
12802.10249.M008.01R	Illumina	7898	10249.M008.01R
12802.10249.M008.01SS	Illumina	7898	10249.M008.01SS
12802.10249.M008.01V	Illumina	7898	10249.M008.01V
12802.10249.M008.02R	Illumina	7898	10249.M008.02R
12802.10249.M008.03R	Illumina	7898	10249.M008.03R
12802.10249.M008.03V	Illumina	7898	10249.M008.03V
12802.10249.M009.01R	Illumina	7898	10249.M009.01R
12802.10249.M009.01V	Illumina	7898	10249.M009.01V
12802.10249.M009.02R	Illumina	7898	10249.M009.02R
12802.10249.M009.02V	Illumina	7898	10249.M009.02V
12802.10249.M009.03R	Illumina	7898	10249.M009.03R
12802.10249.M009.03V	Illumina	7898	10249.M009.03V
12802.10249.M010.01R	Illumina	7898	10249.M010.01R
12802.10249.M010.01SS	Illumina	7898	10249.M010.01SS
12802.10249.M010.01V	Illumina	7898	10249.M010.01V
12802.10249.M010.02R	Illumina	7898	10249.M010.02R
12802.10249.M010.02V	Illumina	7898	10249.M010.02V
12802.10249.M010.03V	Illumina	7898	10249.M010.03V
12802.10249.M011.01R	Illumina	7898	10249.M011.01R
12802.10249.M011.01SS	Illumina	7898	10249.M011.01SS
12802.10249.M011.01V	Illumina	7898	10249.M011.01V
12802.10249.M011.02R	Illumina	7898	10249.M011.02R
12802.10249.M011.02V	Illumina	7898	10249.M011.02V
12802.10249.M011.03R	Illumina	7898	10249.M011.03R
12802.10249.M011.03V	Illumina	7898	10249.M011.03V
12802.10249.M012.01R	Illumina	7898	10249.M012.01R
12802.10249.M012.01SS	Illumina	7898	10249.M012.01SS
12802.10249.M012.01V	Illumina	7898	10249.M012.01V
12802.10249.M012.02R	Illumina	7898	10249.M012.02R
12802.10249.M012.02V	Illumina	7898	10249.M012.02V
12802.10249.M012.03R	Illumina	7898	10249.M012.03R
12802.10249.M012.03V	Illumina	7898	10249.M012.03V
12802.10249.M014.01R	Illumina	7898	10249.M014.01R
12802.10249.M014.01SS	Illumina	7898	10249.M014.01SS
12802.10249.M014.01V	Illumina	7898	10249.M014.01V
12802.10249.M014.02R	Illumina	7898	10249.M014.02R
12802.10249.M014.02V	Illumina	7898	10249.M014.02V
12802.10249.M014.03R	Illumina	7898	10249.M014.03R
12802.10249.M015.01R	Illumina	7898	10249.M015.01R
12802.10249.M015.01V	Illumina	7898	10249.M015.01V
12802.10249.M016.01R	Illumina	7898	10249.M016.01R
12802.10249.M016.01SS	Illumina	7898	10249.M016.01SS
12802.10249.M016.01V	Illumina	7898	10249.M016.01V
12802.10249.M016.02R	Illumina	7898	10249.M016.02R
12802.10249.M016.02V	Illumina	7898	10249.M016.02V
12802.10249.M016.03R	Illumina	7898	10249.M016.03R
12802.10249.M016.03V	Illumina	7898	10249.M016.03V
12802.10249.M017.01R	Illumina	7898	10249.M017.01R
12802.10249.M017.01SS	Illumina	7898	10249.M017.01SS
12802.10249.M017.01V	Illumina	7898	10249.M017.01V
12802.10249.M017.02R	Illumina	7898	10249.M017.02R
12802.10249.M017.02V	Illumina	7898	10249.M017.02V
12802.10249.M017.03R	Illumina	7898	10249.M017.03R
12802.10249.M017.03V	Illumina	7898	10249.M017.03V
12802.10249.M018.01R	Illumina	7898	10249.M018.01R
12802.10249.M018.01SS	Illumina	7898	10249.M018.01SS
12802.10249.M018.01V	Illumina	7898	10249.M018.01V
12802.10249.M018.02R	Illumina	7898	10249.M018.02R
12802.10249.M018.02V	Illumina	7898	10249.M018.02V
12802.10249.M018.03R	Illumina	7898	10249.M018.03R
12802.10249.M018.03V	Illumina	7898	10249.M018.03V
12802.10249.M019.01R	Illumina	7898	10249.M019.01R
12802.10249.M019.01V	Illumina	7898	10249.M019.01V
12802.10249.M019.02R	Illumina	7898	10249.M019.02R
12802.10249.M019.02V	Illumina	7898	10249.M019.02V
12802.10249.M020.01R	Illumina	7898	10249.M020.01R
12802.10249.M020.01SS	Illumina	7898	10249.M020.01SS
12802.10249.M020.01V	Illumina	7898	10249.M020.01V
12802.10249.M020.02V	Illumina	7898	10249.M020.02V
12802.10249.M020.03V	Illumina	7898	10249.M020.03V
12802.10249.M021.01R	Illumina	7898	10249.M021.01R
12802.10249.M021.01SS	Illumina	7898	10249.M021.01SS
12802.10249.M021.01V	Illumina	7898	10249.M021.01V
12802.10249.M021.02V	Illumina	7898	10249.M021.02V
12802.10249.M021.03R	Illumina	7898	10249.M021.03R
12802.10249.M021.03V	Illumina	7898	10249.M021.03V
12802.10249.M022.01R	Illumina	7898	10249.M022.01R
12802.10249.M022.01SS	Illumina	7898	10249.M022.01SS
12802.10249.M022.01V	Illumina	7898	10249.M022.01V
12802.10249.M022.02R	Illumina	7898	10249.M022.02R
12802.10249.M022.02V	Illumina	7898	10249.M022.02V
12802.10249.M023.01R	Illumina	7898	10249.M023.01R
12802.10249.M023.01V	Illumina	7898	10249.M023.01V
12802.10249.M023.02R	Illumina	7898	10249.M023.02R
12802.10249.M023.02V	Illumina	7898	10249.M023.02V
12802.10249.M024.01R	Illumina	7898	10249.M024.01R
12802.10249.M024.01SS	Illumina	7898	10249.M024.01SS
12802.10249.M024.01V	Illumina	7898	10249.M024.01V
12802.10249.M024.02R	Illumina	7898	10249.M024.02R
12802.10249.M024.02V	Illumina	7898	10249.M024.02V
12802.10249.M024.03R	Illumina	7898	10249.M024.03R
12802.10249.M024.03V	Illumina	7898	10249.M024.03V
12802.10249.M025.01R	Illumina	7898	10249.M025.01R
12802.10249.M025.01V	Illumina	7898	10249.M025.01V
12802.10249.M025.02R	Illumina	7898	10249.M025.02R
12802.10249.M025.02V	Illumina	7898	10249.M025.02V
12802.10249.M025.03R	Illumina	7898	10249.M025.03R
12802.10249.M025.03V	Illumina	7898	10249.M025.03V
12802.10249.M026.01R	Illumina	7898	10249.M026.01R
12802.10249.M026.01V	Illumina	7898	10249.M026.01V
12802.10249.M026.02R	Illumina	7898	10249.M026.02R
12802.10249.M026.02V	Illumina	7898	10249.M026.02V
12802.10249.M027.01R	Illumina	7898	10249.M027.01R
12802.10249.M027.01SS	Illumina	7898	10249.M027.01SS
12802.10249.M027.01V	Illumina	7898	10249.M027.01V
12802.10249.M027.03R	Illumina	7898	10249.M027.03R
12802.10249.M027.03V	Illumina	7898	10249.M027.03V
12802.10249.M029.01R	Illumina	7898	10249.M029.01R
12802.10249.M029.01V	Illumina	7898	10249.M029.01V
12802.10249.M029.02R	Illumina	7898	10249.M029.02R
12802.10249.M029.02V	Illumina	7898	10249.M029.02V
12802.10249.M030.01R	Illumina	7898	10249.M030.01R
12802.10249.M030.01SS	Illumina	7898	10249.M030.01SS
12802.10249.M030.01V	Illumina	7898	10249.M030.01V
12802.10249.M030.02R	Illumina	7898	10249.M030.02R
12802.10249.M030.02V	Illumina	7898	10249.M030.02V
12802.10249.M030.03R	Illumina	7898	10249.M030.03R
12802.10249.M030.03V	Illumina	7898	10249.M030.03V
12802.10249.M031.01R	Illumina	7898	10249.M031.01R
12802.10249.M031.01SS	Illumina	7898	10249.M031.01SS
12802.10249.M031.01V	Illumina	7898	10249.M031.01V
12802.10249.M031.02R	Illumina	7898	10249.M031.02R
12802.10249.M031.02SS	Illumina	7898	10249.M031.02SS
12802.10249.M031.02V	Illumina	7898	10249.M031.02V
12802.10249.M031.03V	Illumina	7898	10249.M031.03V
12802.10249.M032.01R	Illumina	7898	10249.M032.01R
12802.10249.M032.01SS	Illumina	7898	10249.M032.01SS
12802.10249.M032.01V	Illumina	7898	10249.M032.01V
12802.10249.M032.02R	Illumina	7898	10249.M032.02R
12802.10249.M033.01R	Illumina	7898	10249.M033.01R
12802.10249.M033.01SS	Illumina	7898	10249.M033.01SS
12802.10249.M033.01V	Illumina	7898	10249.M033.01V
12802.10249.M033.02R	Illumina	7898	10249.M033.02R
12802.10249.M033.02V	Illumina	7898	10249.M033.02V
12802.10249.M033.03R	Illumina	7898	10249.M033.03R
12802.10249.M033.03V	Illumina	7898	10249.M033.03V
12802.10249.M034.01R	Illumina	7898	10249.M034.01R
12802.10249.M034.01V	Illumina	7898	10249.M034.01V
12802.10249.M034.02R	Illumina	7898	10249.M034.02R
12802.10249.M034.02V	Illumina	7898	10249.M034.02V
12802.10249.M034.03R	Illumina	7898	10249.M034.03R
12802.10249.M034.03V	Illumina	7898	10249.M034.03V
12802.10249.M035.01R	Illumina	7898	10249.M035.01R
12802.10249.M035.01SS	Illumina	7898	10249.M035.01SS
12802.10249.M035.01V	Illumina	7898	10249.M035.01V
12802.10249.M035.02R	Illumina	7898	10249.M035.02R
12802.10249.M035.02V	Illumina	7898	10249.M035.02V
12802.10249.M035.03R	Illumina	7898	10249.M035.03R
12802.10249.M036.01R	Illumina	7898	10249.M036.01R
12802.10249.M036.01SS	Illumina	7898	10249.M036.01SS
12802.10249.M036.01V	Illumina	7898	10249.M036.01V
12802.10249.M036.02R	Illumina	7898	10249.M036.02R
12802.10249.M036.03R	Illumina	7898	10249.M036.03R
12802.10249.M036.03V	Illumina	7898	10249.M036.03V
12802.10249.M037.01R	Illumina	7898	10249.M037.01R
12802.10249.M037.01SS	Illumina	7898	10249.M037.01SS
12802.10249.M037.01V	Illumina	7898	10249.M037.01V
12802.10249.M037.02R	Illumina	7898	10249.M037.02R
12802.10249.M037.02V	Illumina	7898	10249.M037.02V
12802.10249.M037.03R	Illumina	7898	10249.M037.03R
12802.10249.M037.03V	Illumina	7898	10249.M037.03V
12802.10249.M038.01R	Illumina	7898	10249.M038.01R
12802.10249.M038.01SS	Illumina	7898	10249.M038.01SS
12802.10249.M038.01V	Illumina	7898	10249.M038.01V
12802.10249.M038.02R	Illumina	7898	10249.M038.02R
12802.10249.M038.02V	Illumina	7898	10249.M038.02V
12802.10249.M038.03R	Illumina	7898	10249.M038.03R
12802.10249.M038.03V	Illumina	7898	10249.M038.03V
12802.10249.M039.01R	Illumina	7898	10249.M039.01R
12802.10249.M039.01V	Illumina	7898	10249.M039.01V
12802.10249.M041.01R	Illumina	7898	10249.M041.01R
12802.10249.M041.01SS	Illumina	7898	10249.M041.01SS
12802.10249.M041.01V	Illumina	7898	10249.M041.01V
12802.10249.M041.02R	Illumina	7898	10249.M041.02R
12802.10249.M041.02V	Illumina	7898	10249.M041.02V
12802.10249.M041.03R	Illumina	7898	10249.M041.03R
12802.10249.M041.04SS	Illumina	7898	10249.M041.04SS
12802.10249.M042.01R	Illumina	7898	10249.M042.01R
12802.10249.M042.01SS	Illumina	7898	10249.M042.01SS
12802.10249.M042.01V	Illumina	7898	10249.M042.01V
12802.10249.M042.02V	Illumina	7898	10249.M042.02V
12802.10249.M042.03R	Illumina	7898	10249.M042.03R
12802.10249.M042.03V	Illumina	7898	10249.M042.03V
12802.10249.M043.01R	Illumina	7898	10249.M043.01R
12802.10249.M043.01SS	Illumina	7898	10249.M043.01SS
12802.10249.M043.01V	Illumina	7898	10249.M043.01V
12802.10249.M043.02R	Illumina	7898	10249.M043.02R
12802.10249.M043.02V	Illumina	7898	10249.M043.02V
12802.10249.M043.03R	Illumina	7898	10249.M043.03R
12802.10249.M043.03V	Illumina	7898	10249.M043.03V
12802.10249.M044.01R	Illumina	7898	10249.M044.01R
12802.10249.M044.01SS	Illumina	7898	10249.M044.01SS
12802.10249.M044.02R	Illumina	7898	10249.M044.02R
12802.10249.M044.02V	Illumina	7898	10249.M044.02V
12802.10249.M044.03R	Illumina	7898	10249.M044.03R
12802.10249.M044.03V	Illumina	7898	10249.M044.03V
12802.10249.M045.01SS	Illumina	7898	10249.M045.01SS
12802.10249.M045.01V	Illumina	7898	10249.M045.01V
12802.10249.M045.02SS	Illumina	7898	10249.M045.02SS
12802.10249.M045.02V	Illumina	7898	10249.M045.02V
12802.10249.M046.01R	Illumina	7898	10249.M046.01R
12802.10249.M046.01SS	Illumina	7898	10249.M046.01SS
12802.10249.M046.01V	Illumina	7898	10249.M046.01V
12802.10249.M046.02SS	Illumina	7898	10249.M046.02SS
12802.10249.M046.02V	Illumina	7898	10249.M046.02V
12802.10249.M046.03SS	Illumina	7898	10249.M046.03SS
12802.10249.M046.03V	Illumina	7898	10249.M046.03V
12802.10249.M047.01R	Illumina	7898	10249.M047.01R
12802.10249.M047.01SD	Illumina	7898	10249.M047.01SD
12802.10249.M047.01V	Illumina	7898	10249.M047.01V
12802.10249.M047.02R	Illumina	7898	10249.M047.02R
12802.10249.M047.02V	Illumina	7898	10249.M047.02V
12802.10249.M047.03R	Illumina	7898	10249.M047.03R
12802.10249.M047.03V	Illumina	7898	10249.M047.03V
12802.10249.M049.01R	Illumina	7898	10249.M049.01R
12802.10249.M049.01SS	Illumina	7898	10249.M049.01SS
12802.10249.M049.01V	Illumina	7898	10249.M049.01V
12802.10249.M049.02R	Illumina	7898	10249.M049.02R
12802.10249.M049.02V	Illumina	7898	10249.M049.02V
12802.10249.M049.03R	Illumina	7898	10249.M049.03R
12802.10249.M049.03V	Illumina	7898	10249.M049.03V
12802.10249.M050.01R	Illumina	7898	10249.M050.01R
12802.10249.M050.01SS	Illumina	7898	10249.M050.01SS
12802.10249.M050.01V	Illumina	7898	10249.M050.01V
12802.10249.M050.02R	Illumina	7898	10249.M050.02R
12802.10249.M050.02V	Illumina	7898	10249.M050.02V
12802.10249.M051.01R	Illumina	7898	10249.M051.01R
12802.10249.M051.01V	Illumina	7898	10249.M051.01V
12802.10249.M051.02R	Illumina	7898	10249.M051.02R
12802.10249.M051.02V	Illumina	7898	10249.M051.02V
12802.10249.M052.01R	Illumina	7898	10249.M052.01R
12802.10249.M052.01SS	Illumina	7898	10249.M052.01SS
12802.10249.M052.01V	Illumina	7898	10249.M052.01V
12802.10249.M052.02R	Illumina	7898	10249.M052.02R
12802.10249.M052.02V	Illumina	7898	10249.M052.02V
12802.10249.M052.03R	Illumina	7898	10249.M052.03R
12802.10249.M052.03V	Illumina	7898	10249.M052.03V
12802.10249.M053.01R	Illumina	7898	10249.M053.01R
12802.10249.M053.01SD	Illumina	7898	10249.M053.01SD
12802.10249.M053.01SS	Illumina	7898	10249.M053.01SS
12802.10249.M053.01V	Illumina	7898	10249.M053.01V
12802.10249.M053.02R	Illumina	7898	10249.M053.02R
12802.10249.M053.02V	Illumina	7898	10249.M053.02V
12802.10249.M053.03R	Illumina	7898	10249.M053.03R
12802.10249.M053.03V	Illumina	7898	10249.M053.03V
12802.10249.M055.01R	Illumina	7898	10249.M055.01R
12802.10249.M055.01SD	Illumina	7898	10249.M055.01SD
12802.10249.M055.01SS	Illumina	7898	10249.M055.01SS
12802.10249.M055.01V	Illumina	7898	10249.M055.01V
12802.10249.M055.02R	Illumina	7898	10249.M055.02R
12802.10249.M055.02V	Illumina	7898	10249.M055.02V
12802.10249.M056.01R	Illumina	7898	10249.M056.01R
12802.10249.M056.01SD	Illumina	7898	10249.M056.01SD
12802.10249.M056.01SS	Illumina	7898	10249.M056.01SS
12802.10249.M056.01V	Illumina	7898	10249.M056.01V
12802.10249.M056.02R	Illumina	7898	10249.M056.02R
12802.10249.M056.02V	Illumina	7898	10249.M056.02V
12802.10249.M056.03R	Illumina	7898	10249.M056.03R
12802.10249.M056.03V	Illumina	7898	10249.M056.03V
12802.10249.M057.01R	Illumina	7898	10249.M057.01R
12802.10249.M057.01SD	Illumina	7898	10249.M057.01SD
12802.10249.M057.01SS	Illumina	7898	10249.M057.01SS
12802.10249.M057.01V	Illumina	7898	10249.M057.01V
12802.10249.M057.02R	Illumina	7898	10249.M057.02R
12802.10249.M057.02V	Illumina	7898	10249.M057.02V
